Date,Type,User,Tweet,Keywords,Likes,Retweets,Hashtags,Mentions
2023-04-21 19:55:36,Regular tweet,DubzSzn_,RT @espn: Victor Wembanyama officially declares for the 2023 NBA draft with @malika_andrews    (via NBA Today) https://t.co/OMgOJket4t,0,636,[],['espn', 'malika_andrews']
2023-04-21 19:55:34,Regular tweet,SalimOyinlola,Penning the Playbook (PTP) presents:  \"Off The Rim: NBA Playoffs Review\"  Join me and @Justicesiri as we host this interactive session on all the NBA Playoff action; upsets; brackets; and bold predictions on Sunday.  Set a reminder for your upcoming Space! https://t.co/nJ1sw8TAkU,0,0,[],['Justicesiri']
2023-04-21 19:55:33,Regular tweet,hotstreetznc,Now Playing Nba Youngboy - Vette Moters on #HotStreetzRadio,0,0,['HotStreetzRadio'],[]
2023-04-21 19:55:32,Regular tweet,Nonnus1974,@Jumpshot8 @Suns @DevinBook most overrated player in NBA,0,0,[],['Jumpshot8', 'Suns', 'DevinBook']
2023-04-21 19:55:32,Regular tweet,Splayden,RT @RealCodyMallory: Most unwatchable superstar in the NBA\u2026 this is from 120 minutes of playoff basketball (2 and a half games) https://t.c\u2026,0,251,[],['RealCodyMallory']
2023-04-21 19:55:32,Regular tweet,illuminaly,RT @JasmineLWatkins: Draymond: Why y\u2019all ain\u2019t eject Embiid??  NBA: https://t.co/7kTM8OzdPi,0,2295,[],['JasmineLWatkins']
2023-04-21 19:55:32,Regular tweet,CheaSodavith,RT @NBA: Book for 42...  https://t.co/i3QMfnmtj3,0,54,[],['NBA']
2023-04-21 19:55:30,Regular tweet,TheAlReport1,RT @MySportsUpdate: Just to be clear: NFL players are allowed to place bets on non-NFL games (NBA; UFC; college; etc).   They are prohibite\u2026,0,512,[],['MySportsUpdate']
2023-04-21 19:55:29,Regular tweet,AlmightyKP_,RT @BrooklynNetcast: If Claxton kicked Embiid like that Doc Rivers would be asking the NBA to arrest Claxton lol. At least Jacque doesn\u2019t t\u2026,0,10,[],['BrooklynNetcast']
2023-04-21 19:55:29,Regular tweet,_JudypmiS,RT @BradeauxNBA: Victor Wembanyama just officially declared for the NBA draft. His averages this season:  21.4 PTS | 9.9 REB | 2.3 AST | 3.\u2026,0,15,[],['BradeauxNBA']
2023-04-21 19:55:29,Regular tweet,king_2kay,RT @AndrewDBailey: The only players in NBA history who match or exceed each of Stephen Curry's career totals for playoff points; playoff as\u2026,0,185,[],['AndrewDBailey']
2023-04-21 19:55:27,Regular tweet,ILOVECOLLECTIN1,RT @GotdemCards: LeBron James four card lot #LakersNation #Lakers   $3 each or $10 Takes em OBO  RT's and Tags Always appreciated   #baske\u2026,0,6,['LakersNation', 'Lakers'],['GotdemCards']
2023-04-21 19:55:27,Regular tweet,MvulaUlemu,RT @NBA: Norman Powell (42 PTS) and the Clippers battled; but the scoring barrage from Booker (45 PTS) lifted the Suns to a 2-1 series lead\u2026,0,4,[],['NBA']
2023-04-21 19:55:25,Regular tweet,iService94_Gh,RT @NBA: Steph Curry puts on a show to lead the @warriors to victory in Game 3!  Kevon Looney: 4 PTS; 20 REB (9 OREB); 9 AST Andrew Wiggins\u2026,0,204,[],['NBA', 'warriors']
2023-04-21 19:55:34,Regular tweet,SalimOyinlola,Penning the Playbook (PTP) presents:  \"Off The Rim: NBA Playoffs Review\"  Join me and @Justicesiri as we host this interactive session on all the NBA Playoff action; upsets; brackets; and bold predictions on Sunday.  Set a reminder for your upcoming Space! https://t.co/nJ1sw8TAkU,0,0,[],['Justicesiri']
2023-04-21 19:55:34,Regular tweet,frsrbol,RT @UltiChampsBball:  GIVEAWAY Alert!    Win 2 tickets to watch your favorite team in the @EuroLeague playoffs!   To participate:   1.\u2026,0,11,[],['UltiChampsBball', 'EuroLeague']
2023-04-21 19:55:33,Regular tweet,PitufoEdgar,RT @statmuse: Most mid-range buckets this playoffs:  10 \u2014 Kevin Durant 9 \u2014 Devin Booker 9 \u2014 Chris Paul 8 \u2014 Mikal Bridges https://t.co/GbK8v\u2026,0,89,[],['statmuse']
2023-04-21 19:55:30,Regular tweet,Yamathaslova,@ShooterKillerYT @Notorious_Det @Devoted2DET @azelftrainer @jacobinfante24 I\u2019m glad u think going 9-8 and missing playoffs is winning.,0,0,[],['ShooterKillerYT', 'Notorious_Det', 'Devoted2DET', 'azelftrainer', 'jacobinfante24']
2023-04-21 19:55:29,Regular tweet,iNeedTheCheese,RT @NoCar_Kevin: Of course Golden 1 is louder than Chase the Kings ain\u2019t made the playoffs in 17 years lmao,0,4,[],['NoCar_Kevin']
2023-04-21 19:55:29,Regular tweet,mzx_vlr,@loud_lulux T\u00e3o querendo dar ponto pra sentinels ter chance de se classificar pros playoffs,0,0,[],['loud_lulux']
2023-04-21 19:55:28,Regular tweet,TacticalSports7,RT @RileyBurke87: Double dose of Playoffs tonight @celtics @NHLBruins @FitzyGFY https://t.co/OXBeZhZQmc,0,40,[],['RileyBurke87', 'celtics', 'NHLBruins', 'FitzyGFY']
2023-04-21 19:55:27,Regular tweet,TheLaVox,La disponibilidad de Giannis Antetokounmpo the #FearTheDeer para el tercer juego de la serie de playoffs de primera ronda de la Conferencia Este ante el Heat de Miami sigue en el aire. Lo mismo pasa con Kawhi Leonard de #ClipperNation,0,0,['FearTheDeer', 'ClipperNation'],[]
2023-04-21 19:55:27,Regular tweet,paco29,RT @AthensTurfClass: Class got it ready for 1st Round of the Playoffs tonight!! Proud of this group of students!!   @AHS_Alabama @AthensALS\u2026,0,10,[],['AthensTurfClass', 'AHS_Alabama']
2023-04-21 19:55:24,Regular tweet,UX_JBo,@A6thSense They was a game out the playoffs n that stiff ass division last year law. But I digree lol,0,0,[],['A6thSense']
2023-04-21 19:55:21,Regular tweet,NickSyron,Yup cubs are def making playoffs LFG,0,0,[],[]
2023-04-21 19:55:19,Regular tweet,JayeDoe,Dodgers might have to trade some valuable players to get some pitching or they not making the playoffs,0,0,[],[]
2023-04-21 19:55:19,Regular tweet,TWolvesEspNBA,Game day !   Denver Nuggets  Target Center  3:30 / 22:30 / 19:30   Es hoy o nunca; si los Timberwolves quieren seguir so\u00f1ando con hacer una carrera profunda en los playoffs tienen que ganar hoy. https://t.co/iJTamT8huW,0,0,[],[]
2023-04-21 19:55:18,Regular tweet,bburnss,RT @Itamar_17_10: Who remembers the last time Robert Covington; playing alongside Russell Westbrook and Eric Gordon; faced Chris Paul in th\u2026,0,7,[],['Itamar_17_10']
2023-04-21 19:55:17,Regular tweet,lexim325,RT @NYRStatsInfo: In the entire 2022 playoffs; only eight players had four or more PPGs. Chris Kreider has matched that number in five peri\u2026,0,93,[],['NYRStatsInfo']
2023-04-21 19:55:33,Regular tweet,Matt_M_626,@GuayakiPapi24 @Lakers_310 Yea a variety pack too,0,0,[],['GuayakiPapi24', 'Lakers_310']
2023-04-21 19:55:33,Regular tweet,24_Nebat,RT @TheNBACentral: The get-in price for the next Lakers home game is $264   The get-in price for the next Clippers home game is $53   (Via\u2026,0,230,[],['TheNBACentral']
2023-04-21 19:55:29,Regular tweet,sir_richmond20,RT @Grizz_Lead: Jaren Jackson Jr. Through the First 2 Games of the First Round Against the Lakers:  - 38.5 MIN - 24.5 PTS - 7.0 REB - 3.5 A\u2026,0,29,[],['Grizz_Lead']
2023-04-21 19:55:27,Regular tweet,ILOVECOLLECTIN1,RT @GotdemCards: LeBron James four card lot #LakersNation #Lakers   $3 each or $10 Takes em OBO  RT's and Tags Always appreciated   #baske\u2026,0,6,['LakersNation', 'Lakers'],['GotdemCards']
2023-04-21 19:55:24,Regular tweet,SportsBraza,Playoff de NBA \u00e9 melhor que copa do mundo. Tem jogo todos os dias; e \u00e9 todo ano. S\u00f3 jog\u00e3o. Esse Lakers x Memphis promete demais.,0,0,[],[]
2023-04-21 19:55:24,Regular tweet,LaaNDeeR10,@Dloading I believe in you bro; but if you want to be back on the lakers next year and be the future PG of our team you have to play much much better and with better intensity ,0,0,[],['Dloading']
2023-04-21 19:55:19,Regular tweet,ivanernestop,RT @nicosernaes: #Noticia en la \"Casa Blanca Humana\". Biden acepta acuerdo bilateral para que la Primera Dama sea porrista de Los \u00c1ngeles L\u2026,0,607,['Noticia'],['nicosernaes']
2023-04-21 19:55:18,Regular tweet,fuewop,RT @phillvmikan: lifehack:   buy a ticket for the clippers game and hide in the bathroom until the lakers game starts a couple hours late,0,765,[],['phillvmikan']
2023-04-21 19:55:13,Regular tweet,That1RipCityGuy,@KevinCalabro I was today years old when I found out you called the game 4 vs. #2 seed Phoenix Suns; and #7 LA Lakers when Kobe hit the game winner to beat the Suns 99-98,0,0,[],['KevinCalabro']
2023-04-21 19:55:12,Regular tweet,Matt_M_626,@Lakers_310 @GuayakiPapi24 Blame my girl,0,0,[],['Lakers_310', 'GuayakiPapi24']
2023-04-21 19:55:06,Regular tweet,Val12Ferreira,RT @phillvmikan: lifehack:   buy a ticket for the clippers game and hide in the bathroom until the lakers game starts a couple hours late,0,765,[],['phillvmikan']
2023-04-21 19:55:03,Regular tweet,GuayakiPapi24,@Matt_M_626 @Lakers_310 Oh they got them in 12 packs?,1,0,[],['Matt_M_626', 'Lakers_310']
2023-04-21 19:54:59,Regular tweet,Matt_M_626,@Lakers_310 @GuayakiPapi24 Lmaooo it\u2019s all good,0,0,[],['Lakers_310', 'GuayakiPapi24']
2023-04-21 19:54:59,Regular tweet,MvulaUlemu,RT @LakeShowYo: name a random Lakers player,0,12,[],['LakeShowYo']
2023-04-21 19:54:58,Regular tweet,micamrivera,RT @phillvmikan: lifehack:   buy a ticket for the clippers game and hide in the bathroom until the lakers game starts a couple hours late,0,765,[],['phillvmikan']
2023-04-21 20:13:15,Regular tweet,LeoHope94,RT @SwishTheory: .@ChipJNBA attended the Portsmouth Invitational Tournament for overlooked NCAA upperclassmen trying to vie for last roster\u2026,0,7,[],['SwishTheory', 'ChipJNBA']
2023-04-21 20:13:15,Regular tweet,WavvySkiiny,RT @CelticsGRD: @wojespn Embiid kicking guys in the groin and the nba looks the other way,0,5,[],['CelticsGRD', 'wojespn']
2023-04-21 20:13:14,Regular tweet,_drippy00,RT @YbUpdate: Jim Jones says no rapper of this generation is fw NBA YoungBoy https://t.co/BxqH8eR9dU,0,207,[],['YbUpdate']
2023-04-21 20:13:14,Regular tweet,CamSoWavy22,RT @espn: Victor Wembanyama officially declares for the 2023 NBA draft with @malika_andrews    (via NBA Today) https://t.co/OMgOJket4t,0,755,[],['espn', 'malika_andrews']
2023-04-21 20:13:13,Regular tweet,Chrisghrobot,@KirklundTheKid @curiosityman2 What's funnier is NBA twitter of all communities had to lead the charge in getting him suspended lmao,0,0,[],['KirklundTheKid', 'curiosityman2']
2023-04-21 20:13:13,Regular tweet,BostonVsTheBook,RT @sportstalkmatt: Roll Call Friday on @BostonVsTheBook ... This is the most fun show of the week. @SportsbkConsig calls out members of ou\u2026,0,1,[],['sportstalkmatt', 'BostonVsTheBook', 'SportsbkConsig']
2023-04-21 20:13:13,Regular tweet,Rafy191r,RT @AndrewDBailey: I've said it before; but Stephen Curry has a real \"top five all time\" argument.  - Greatest shooter of all time (the gam\u2026,0,79,[],['AndrewDBailey']
2023-04-21 20:13:12,Regular tweet,ChurchLead,RT @ChurchLead: ICYMI:As the Celtics have taken a two-game lead over the Atlanta Hawks in the first round of the NBA playoffs; veteran cent\u2026,0,2,[],['ChurchLead']
2023-04-21 20:13:11,Regular tweet,BaayMoBreezy,@NBA @celtics Bobby &gt;&gt;&gt; https://t.co/IvZbbDLQLy,0,0,[],['NBA', 'celtics']
2023-04-21 20:13:11,Regular tweet,JordanHickey32,RT @ballknowerwill: 6\u20193 PG Jaden Bradley  Former 5 star recruit in the class of 2022. Averaged 7 and 3 in 20 MPG on the #1 team in the coun\u2026,0,11,[],['ballknowerwill']
2023-04-21 20:13:10,Regular tweet,lilbabychance_,RT @HilltopNBA: 5 years ago today; Jrue Holiday and Anthony Davis destroyed the Blazers.  Jrue: 41 PTS - 8 AST - 15/23 FG AD: 47 PTS - 10 R\u2026,0,23,[],['HilltopNBA']
2023-04-21 20:13:09,Regular tweet,Nathancantor1,RT @VisionCapper:  LIKE AND RT TO GET OUR 100U MAX WHALE FOR FREE  SENDING THIS TO EVERYONE VIA DM!!!   LET\u2019S GOOOOOO #VISIONFAM!!!  #Ga\u2026,0,3,['VISIONFAM'],['VisionCapper']
2023-04-21 20:13:09,Regular tweet,24Seanmurphy,RT @AnotherZagsBlog: I don't think it should be super surprising Ryan Nembhard chose Gonzaga over AZ. Tommy Lloyd may have helped land Andr\u2026,0,1,[],['AnotherZagsBlog']
2023-04-21 20:13:08,Regular tweet,KnicksMuse,DISCLAIMER: There are so many factors not taken into account when looking at a ref\u2019s record.   There are no current NBA officials active looking to cheat one team out of a game. Use your brain.,0,0,[],[]
2023-04-21 20:13:07,Regular tweet,ColinAKershaw,@elonmusk @paulg Its only fare that you go on live space and pick a birthday ; i suggest using a nba draft lottery ball machine and that person gets a choice between a free scoop of ice cream or a Titter shirt that says ''Pay the $8\",0,0,[],['elonmusk', 'paulg']
2023-04-21 20:13:14,Regular tweet,g_calcoa,@Pabloojas93 @CurtaVermelha Eu sei. O playoff \u00e9 para os campe\u00f5es dos pa\u00edses. Mas \u00e9 justo n\u00e3o jogarem a fase de grupos? Porque raz\u00e3o n\u00e3o entram para a fase de grupos; e extendem o n\u00famero de equipas a\u00ed; em vez de extender j\u00e1 que nos playoffs? N\u00e3o me faz sentido,0,0,[],['Pabloojas93', 'CurtaVermelha']
2023-04-21 20:13:12,Regular tweet,Louis_Diesel,RT @NHL: #StanleyCup Playoffs Patrick Kane has arrived.   Multi-Angle Goals presented by @DKSportsbook https://t.co/WvSimyIkC9,0,21,['StanleyCup'],['NHL', 'DKSportsbook']
2023-04-21 20:13:12,Regular tweet,GiantB3TTA,@MrSplashman99_ Enjoy playoffs AD,0,0,[],['MrSplashman99_']
2023-04-21 20:13:12,Regular tweet,ChurchLead,RT @ChurchLead: ICYMI:As the Celtics have taken a two-game lead over the Atlanta Hawks in the first round of the NBA playoffs; veteran cent\u2026,0,2,[],['ChurchLead']
2023-04-21 20:13:06,Regular tweet,iceman2149,@LeafsForeverFR @jeudepuissance Je ne vois pas bien le lien de cause \u00e0 effet; d\u2019autant que ce format de playoffs est vraiment minable. Vivement le retour du format de 1 \u00e0 8 dans chaque conf\u00e9rence; savoir depuis 3 mois qu\u2019on aura un Toronto-Tampa au premier tour \u00e7a n\u2019a rien d\u2019exaltant.,0,0,[],['LeafsForeverFR', 'jeudepuissance']
2023-04-21 20:13:03,Regular tweet,LeslieDahirel,RT @TrashTalk_fr:  JEU-CONCOURS !    Pendant les Playoffs; TrashTalk et ParionsSport te font gagner 1 maillot diff\u00e9rent CHAQUE LUNDI ! \u2026,0,2254,[],['TrashTalk_fr']
2023-04-21 20:13:02,Regular tweet,kurri_jari,@Aloysiu63152881 @Liams_Hockey @CaronaHobby @burnsieoriginal 1991 playoffs. He knocked Kudelski out of the series as well.,0,0,[],['Aloysiu63152881', 'Liams_Hockey', 'CaronaHobby', 'burnsieoriginal']
2023-04-21 20:13:02,Regular tweet,a37sn,RT @statmuse: Jamal Murray all-time:  Playoffs \u2014               Regular season \u2014  24.7 PPG                  16.9 PPG 4.7 RPG\u2026,0,135,[],['statmuse']
2023-04-21 20:13:00,Regular tweet,aydin_priest,RT @jacknelson17_: Just finished region play; playoffs next. Region stats: 5 starts | 3-0 | 2 CG | 31 IP | 29Ks | 1.37 ERA | @CraigStem @Tr\u2026,0,8,[],['jacknelson17_', 'CraigStem']
2023-04-21 20:13:00,Regular tweet,BlogDeBasket,Los Philadelphia 76ers tienen que disipar las dudas de cara a las pr\u00f3ximas eliminatorias de los playoffs https://t.co/o81Nh50Jox,0,0,[],[]
2023-04-21 20:12:57,Regular tweet,Mz_Kiang,RT @LegionHoops: Jalen Green:  \u201cYeah we in the Playoffs next year. That\u2019s what the plan is; that\u2019s what the goal is. Try and get some wins.\u2026,0,44,[],['LegionHoops']
2023-04-21 20:12:56,Regular tweet,andygould44,RT @kylehollins: Come and support our local teams push for the playoffs! Last home game of the season  #UpTheBucks,0,1,['UpTheBucks'],['kylehollins']
2023-04-21 20:12:50,Regular tweet,ESPN700,LISTEN: @espn700bill talks Utah Football's Spring game; the Crimson Collective; NBA Playoffs; NHL Playoffs and more w/... -@Tjonesonthenba  -@JJSportsBeat  -@BretHedican  @Utah_Football  The Bill Riley Show w/ @espn700bill 4-21-23 - https://t.co/VaoK3SkWA9,0,0,[],['espn700bill', 'Tjonesonthenba', 'JJSportsBeat', 'BretHedican', 'Utah_Football', 'espn700bill']
2023-04-21 20:12:49,Regular tweet,jgkfan,RT @lorifox9: #EnoughSaid throwback!  When Craig Kilborn joined the show LAST April to talk @Timberwolves playoffs. @DanBarreiroKFAN @jgkfa\u2026,0,1,['EnoughSaid'],['lorifox9', 'Timberwolves', 'DanBarreiroKFAN']
2023-04-21 20:12:48,Regular tweet,ReggieWilsonTV,RT @espn: Bet. Is. BACK!   @AnitaMarks; @Ben_Baby; @ProfessorDrz and @StormBuonantony break down the Gervonta Davis-Ryan Garcia matchup; t\u2026,0,5,[],['espn', 'AnitaMarks', 'Ben_Baby', 'ProfessorDrz', 'StormBuonantony']
2023-04-21 20:13:13,Regular tweet,Barron_Eduardo,RT @TheNBACentral: The get-in price for the next Lakers home game is $264   The get-in price for the next Clippers home game is $53   (Via\u2026,0,237,[],['TheNBACentral']
2023-04-21 20:13:12,Regular tweet,kevinrichmond98,RT @okcsuck: The Lakers got 0 good players in the Russ + FRP trade https://t.co/PhT4iITWr5,0,13,[],['okcsuck']
2023-04-21 20:13:08,Regular tweet,lakers_fan1990,Are you serious Dodgers smh,0,0,[],[]
2023-04-21 20:13:07,Regular tweet,slyishprodfc,CONGRATULATIONS TO SEIRIN FC AND LAKERS FC ON WINNING THE UCL!  A fantastic trophy to add to their collection this season  #slyishproductions #topeleven #results https://t.co/sEnTCWYzWw,0,0,['slyishproductions', 'topeleven', 'results'],[]
2023-04-21 20:13:01,Regular tweet,NoLimitsRiq,@vicw_32 Sign with the Lakers,0,0,[],['vicw_32']
2023-04-21 20:12:56,Regular tweet,Pratyus64344386,@NBA_University Lol a lot of people don't like Lakers and Lakers fan don't like Celtics lol.,0,0,[],['NBA_University']
2023-04-21 20:12:55,Regular tweet,FrostyGamesOG,RT @iDude14: Anthony Davis.  Masterclass.  Tomorrow.  I\u2019m ready.     https://t.co/uM9JyJz2Kv,0,42,[],['iDude14']
2023-04-21 20:12:54,Regular tweet,HurstSoftball,Hilty is pitching for The Lakers in game two! ,0,0,[],[]
2023-04-21 20:12:49,Regular tweet,Nemesyyy,RT @phillvmikan: lifehack:   buy a ticket for the clippers game and hide in the bathroom until the lakers game starts a couple hours late,0,845,[],['phillvmikan']
2023-04-21 20:12:44,Regular tweet,H_Nix,RT @phillvmikan: lifehack:   buy a ticket for the clippers game and hide in the bathroom until the lakers game starts a couple hours late,0,845,[],['phillvmikan']
2023-04-21 20:12:39,Regular tweet,J_Timberfake_,So LeBron has scored 40+ 5 times this year. 3 times against playoff teams.   Lakers beat Houston Charlotte and Atlanta; so teams with no defense.  Lakers lost to the Clippers and Celtics; good teams.   Smells like bait,0,0,[],[]
2023-04-21 20:12:37,Regular tweet,olamiide,RT @phillvmikan: lifehack:   buy a ticket for the clippers game and hide in the bathroom until the lakers game starts a couple hours late,0,845,[],['phillvmikan']
2023-04-21 20:12:34,Regular tweet,RespectableVinc,RT @notlakersgm: Lakers wanted an extra big man who could serve as a mentor to their younger bigs Bamba and Wenyen); hold their two superst\u2026,0,22,[],['notlakersgm']
2023-04-21 20:12:33,Regular tweet,kidmikeee,RT @TheNBACentral: An NBA Executive believes the Lakers will target Trae Young   \u201cThey went out and got tradeable pieces. If the Hawks don\u2019\u2026,0,312,[],['TheNBACentral']
2023-04-21 20:12:29,Regular tweet,MCrisis20193198,@MyNameIsntBrett @DrGuru_ Completely different players with different paths ain\u2019t no point of even debating it.  Just can hope for a Lakers vs Warriors second round,0,0,[],['MyNameIsntBrett', 'DrGuru_']
2023-04-21 21:43:49,Regular tweet,JayLane777,RT @dynastycards_: GIVEAWAY NBA Prizm Monopoly game with Rudy Gobert Teal Wave SP Insert and base cards!  Like; RT; and Follow me to ent\u2026,0,322,[],['dynastycards_']
2023-04-21 21:43:48,Regular tweet,FlavioMrquez2,RT @Rules23Jordan:  Michael Jordan and Dominique Wilkins  #NBA  #BullsNation https://t.co/oLhim8efR1,0,35,['NBA', 'BullsNation'],['Rules23Jordan']
2023-04-21 21:43:48,Regular tweet,david_carney3,RT @ShamsCharania: Overtime Elite stars Amen and Ausar Thompson \u2013 twin brothers who are projected to be high lottery picks \u2013 have officiall\u2026,0,142,[],['ShamsCharania']
2023-04-21 21:43:47,Regular tweet,soshirevelshire,RT @AndrewDBailey: The only players in NBA history who match or exceed each of Stephen Curry's career totals for playoff points; playoff as\u2026,0,247,[],['AndrewDBailey']
2023-04-21 21:43:47,Regular tweet,IronghaziStan,@Jett_NBA @ziyanm_ Not the same ppl,0,0,[],['Jett_NBA', 'ziyanm_']
2023-04-21 21:43:47,Regular tweet,Schmuutzde,Officially official   Victor Wembanyama is headed to the NBA draft!https://t.co/FX3cEoxYu7,0,0,[],[]
2023-04-21 21:43:46,Regular tweet,Freshazz_Rainey,If you\u2019re not respected by your peers; can you really be considered the goat? @KingJames @NBA #nba,0,0,['nba'],['KingJames', 'NBA']
2023-04-21 21:43:45,Regular tweet,_rogeli,RT @BleacherReport: Victor Wembanyama has officially declared for the 2023 NBA draft...  Is he a lock to be the No. 1 pick?  https://t.co/\u2026,0,493,[],['BleacherReport']
2023-04-21 21:43:45,Regular tweet,MajorScofield,RT @NBA: Norman Powell (42 PTS) and the Clippers battled; but the scoring barrage from Booker (45 PTS) lifted the Suns to a 2-1 series lead\u2026,0,36,[],['NBA']
2023-04-21 21:43:43,Regular tweet,LemmyLocks,3 FREE PICKS TODAY FOR NBA LETS HAVE A DAY Hawks +5.5 Knicks -1.5 Timberwolves +2.5 LETS GO 3-0 FOR THE FREE PLAYS,0,0,[],[]
2023-04-21 21:43:43,Regular tweet,moneykp35,@DarrenRosengar1 @NBA_NewYork he\u2019s undoubtedly the best player in the series but he\u2019s not the type of superstar player that most ppl pan him out to be. there\u2019s prob no chance he ever leads a team to a championship but he\u2019s as good as it gets as a second option,0,0,[],['DarrenRosengar1', 'NBA_NewYork']
2023-04-21 21:43:42,Regular tweet,MajorScofield,RT @NBA: Deep buckets and big boards.  The Warriors defended home court behind Steph\u2019s 36 PTS and Kevon Looney\u2019s 20 REB and 9 AST.   @Powel\u2026,0,24,[],['NBA']
2023-04-21 21:43:40,Regular tweet,Steve_Ronda,@NBA 3-0 ,0,0,[],['NBA']
2023-04-21 21:43:38,Regular tweet,gonetragic,RT @OvertimeElite: NEXT CHAPTER    Amen &amp; Ausar Thompson have officially declared for the 2023 NBA Draft  https://t.co/f0qsCaniTl,0,15,[],['OvertimeElite']
2023-04-21 21:43:38,Regular tweet,redskinsrock91,RT @TheRealJHair: In deciding game MJ hits 2 clutch jumpers all within 6 seconds. Both shots Bulls were down 1. Never seen a more clutch at\u2026,0,36,[],['TheRealJHair']
2023-04-21 21:43:49,Regular tweet,CinShai,RT @statmuse: Most mid-range buckets this playoffs:  10 \u2014 Kevin Durant 9 \u2014 Devin Booker 9 \u2014 Chris Paul 8 \u2014 Mikal Bridges https://t.co/GbK8v\u2026,0,164,[],['statmuse']
2023-04-21 21:43:45,Regular tweet,OO_Podcast,NHL Opinions of the Week -NHL Playoffs So Far? -Is this Series over? #nhl #playoffs #StanleyCupPlayoffs #sports #youtubechannel #podcast  https://t.co/ltTKcpLMvA https://t.co/KU2HaJGtPZ,0,0,['nhl', 'playoffs', 'StanleyCupPlayoffs', 'sports', 'youtubechannel', 'podcast'],[]
2023-04-21 21:43:42,Regular tweet,Ernoste98,RT @angel_blanco_a: Fenerbah\u00e7e y Partizan jugando ahora; Maccabi jug\u00f3 ayer; M\u00f3naco; Zalgiris; Olympiakos y Barcelona juegan ma\u00f1ana. Y mient\u2026,0,110,[],['angel_blanco_a']
2023-04-21 21:43:42,Regular tweet,MrNam,@jizzlies @seannmg7 @memgrizz @jarenjacksonjr Those are just excuses in the playoffs. There are no alternate universe Larry O\u2019briens\u2026,0,0,[],['jizzlies', 'seannmg7', 'memgrizz', 'jarenjacksonjr']
2023-04-21 21:43:41,Regular tweet,AlbertoSauce,RT @statmuse: Most mid-range buckets this playoffs:  10 \u2014 Kevin Durant 9 \u2014 Devin Booker 9 \u2014 Chris Paul 8 \u2014 Mikal Bridges https://t.co/GbK8v\u2026,0,164,[],['statmuse']
2023-04-21 21:43:41,Regular tweet,atumnsonw,RT @nuggets: Jok puts it on in the playoffs   Game 51 comin\u2019 up  https://t.co/MrPnBBa1aJ,0,66,[],['nuggets']
2023-04-21 21:43:41,Regular tweet,gabriel_rizzuto,RT @CookedByCeltics: Derrick White in the 2022 playoffs 8.5 PPG 3.0 RPG 2.7 APG 0.9 SPG 36/31/82  Derrick White in the 2023 playoffs 25.0 P\u2026,0,172,[],['CookedByCeltics']
2023-04-21 21:43:38,Regular tweet,chrisg7171,@iancmclaren Agree. But I worry about Pastranak in playoffs,0,0,[],['iancmclaren']
2023-04-21 21:43:36,Regular tweet,MccasterQuinton,@LakersNation The team worked so hard to get to the playoffs. This is why that effort in game 2 was so disappointing.  Game 3; at home; must win,0,0,[],['LakersNation']
2023-04-21 21:43:35,Regular tweet,ngko,RT @DevInTheLab: THEYRE EVEN ALLOWING THIS FOOLISHNESS IN THE PLAYOFFS!!!!??? https://t.co/HOYAwOWkbv,0,1382,[],['DevInTheLab']
2023-04-21 21:43:33,Regular tweet,RonaldoUchiwa,J\u2019ai plus d\u2019excuse pour me lever regarder les playoffs,0,0,[],[]
2023-04-21 21:43:29,Regular tweet,joseph_wood64,@PeterTenkrat I don\u2019t want this to be another scenario where we played injured tuukka in the playoffs,0,0,[],['PeterTenkrat']
2023-04-21 21:43:26,Regular tweet,clifton_mcneely,In the Big Apple to see the @nyknicks and @qdotgrimes in Game 3 of the NBA playoffs. https://t.co/Cyr2Dkw3uO,0,0,[],['nyknicks', 'qdotgrimes']
2023-04-21 21:43:17,Regular tweet,AbduForThree,In the playoffs; I'm taking current Kawhi over anybody rn (probably even Giannis tbh). Not a single person will say that about Kyrie https://t.co/QjLgoTKfNb,0,0,[],[]
2023-04-21 21:43:17,Regular tweet,lawn_destroya,RT @krishansonRCF: Devin Booker's rankings in the playoffs so far: Points: 1st (109) Steals: 2nd (8) Blocks: 4th-tied (5) 2PA: 1st (53) 2P%\u2026,0,30,[],['krishansonRCF']
2023-04-21 21:43:39,Regular tweet,eazeee2004,RT @TennisChannel: .@Dutzee snaps Novak Djokovic's streak of 11 straight wins against fellow Serbs! #SrpskaOpen  The World No. 70 takes out\u2026,0,8,['SrpskaOpen'],['TennisChannel', 'Dutzee']
2023-04-21 21:43:14,Regular tweet,Kopp972,Luka Doncic n\u2019est m\u00eame pas aller en PlayIn vous vous rendez compte ? Et on parle de lui comme le Dirk plus fort plus rapide plus bref une fraude Luka Doncic,0,0,[],[]
2023-04-21 21:43:13,Regular tweet,onnie_luka,RT @AMAZlNGNATURE: Gorilla vs. cold water\u00a0 https://t.co/70Pl2DEaxI,0,5269,[],['AMAZlNGNATURE']
2023-04-21 21:43:11,Regular tweet,ChanTheruk,I dunno about all this Luka on the Jazz business,0,0,[],[]
2023-04-21 21:43:07,Regular tweet,lauraorojur,RT @A3Noticias:  Djokovic no coge vuelo #BanjaLuka  V\u00eda @Antena3Deportes https://t.co/NQG9pqPwIo,0,2,['BanjaLuka'],['A3Noticias', 'Antena3Deportes']
2023-04-21 21:42:59,Regular tweet,JeremyFoley,RT @TennisTV: DUSAN DREAMING   @Dutzee defeats friend and compatriot Djokovic in Banja Luka! https://t.co/Eha3htfh0I,0,117,[],['TennisTV', 'Dutzee']
2023-04-21 21:42:56,Regular tweet,sleepingcassy,me encanta como hice que luka vuelva a caer en la locura con cdm he is soo me,0,0,[],[]
2023-04-21 21:42:48,Regular tweet,happyhappie5,@claramogul Nawaza sijui ni furee au sponyo?? Luka atakufwaa vibaya namuhurumiaa,0,0,[],['claramogul']
2023-04-21 21:42:47,Regular tweet,luka_sujii,@yusuramaru ,0,0,[],['yusuramaru']
2023-04-21 21:42:46,Regular tweet,_Samba_ND,RT @sushiniesta: Just because his name is not Luka Modric he doesn\u2019t get the praise he deserved. https://t.co/RrdU4AzOpW,0,1921,[],['sushiniesta']
2023-04-21 21:42:26,Regular tweet,JansaRetweets,RT @strankaSDS: .@JJansaSDS: Demografija je na\u0161 klju\u010den strate\u0161ki problem. Pa \u010de ste levi ali desni; \u010de ni ljudi; ni ni\u010d. EU je ta problem\u2026,0,17,[],['strankaSDS', 'JJansaSDS']
2023-04-21 21:42:18,Regular tweet,Soreeyes,@WWaveboy @BleacherReport I see where you are coming from; the history is not kind for taller players; BUT remember when Luka Doncic was drafted? People said he was just another European talent who would not last in the NBA and would be a bust. History can change!,0,0,[],['WWaveboy', 'BleacherReport']
2023-04-21 21:42:17,Regular tweet,fitbestbuy,@JozeBiscak @pers_luka https://t.co/XODaBDkQvK,0,0,[],['JozeBiscak', 'pers_luka']
2023-04-21 21:42:09,Regular tweet,Kopp972,Quand j\u2019y pense il y a des gens qui disent Baby Book est nul Luka magic le mange mdr ! Gros lol D Book tabasse Luka Doncic dans tous les aspects du jeu,0,0,[],[]
2023-04-21 21:42:04,Regular tweet,ladymarinoirr,RT @myadrinette: A CENA DO LUKA CONTANDO PRA LADYBUG QUE SABE A IDENTIDADE SECRETA DELA E DO CHAT NOIR; MEU DEUS DO C\u00c9U #MLBS5Spoilers http\u2026,0,211,['MLBS5Spoilers'],['myadrinette']
2023-04-21 21:43:17,Regular tweet,AbduForThree,In the playoffs; I'm taking current Kawhi over anybody rn (probably even Giannis tbh). Not a single person will say that about Kyrie https://t.co/QjLgoTKfNb,0,0,[],[]
2023-04-21 21:43:08,Regular tweet,MilwaukeeMamba,RT @eric_nehm: The Bucks have submitted an injury report for Game 3 tomorrow in Miami.  Questionable: Giannis Antetokounmpo (lower back con\u2026,0,14,[],['eric_nehm']
2023-04-21 21:43:05,Regular tweet,EllesceJ,RT @desusislord: I have Giannis above Socrates; Achilles and Hercules on my greatest Greek exports list,0,2,[],['desusislord']
2023-04-21 21:43:03,Regular tweet,giannis_lag,@Real_JimmyGreen https://t.co/UcjE4HLw7h,0,0,[],['Real_JimmyGreen']
2023-04-21 21:41:32,Regular tweet,ShadyTimes,@Randomguy9710 @BucksLead Giannis literally NEVER flops lol,0,0,[],['Randomguy9710', 'BucksLead']
2023-04-21 21:41:21,Regular tweet,17Jcsv,@BrooklynGuy2021 q isso kkk. Agora eu tenho uma d\u00favida sobre qual vc odeia mais giannis ou embid kk,0,0,[],['BrooklynGuy2021']
2023-04-21 21:41:03,Regular tweet,adrian__k,It\u2019s safe to say Giannis won\u2019t play game 3 https://t.co/vRGHqyjTOm,0,0,[],[]
2023-04-21 21:40:58,Regular tweet,medodecervo,Tem o primeiro injury report do Bucks para o jogo 3  Question\u00e1vel: Giannis Antetokounmpo - les\u00e3o na parte inferior das costas  Fora: Wesley Matthews - estiramento da panturrilha direita,2,0,[],[]
2023-04-21 21:40:25,Regular tweet,howboutthemsox,@TrolledByEmbiid Both worse than Giannis,0,0,[],['TrolledByEmbiid']
2023-04-21 21:40:21,Regular tweet,JDub9911,RT @eric_nehm: The Bucks have submitted an injury report for Game 3 tomorrow in Miami.  Questionable: Giannis Antetokounmpo (lower back con\u2026,0,14,[],['eric_nehm']
2023-04-21 21:39:36,Regular tweet,kingscott405,RT @AndrewLeezus: If you want dribbling; look at Kyrie If you want shooting; look at Curry  If you want finishing; look at Giannis If you w\u2026,0,225,[],['AndrewLeezus']
2023-04-21 21:39:21,Regular tweet,WillGuillory,RT @eric_nehm: The Bucks have submitted an injury report for Game 3 tomorrow in Miami.  Questionable: Giannis Antetokounmpo (lower back con\u2026,0,14,[],['eric_nehm']
2023-04-21 21:39:10,Regular tweet,paullemke125,RT @eric_nehm: The Bucks have submitted an injury report for Game 3 tomorrow in Miami.  Questionable: Giannis Antetokounmpo (lower back con\u2026,0,14,[],['eric_nehm']
2023-04-21 21:39:09,Regular tweet,DennisDennis63,@LilWarrick23 @3M_T_D6 @SwipaCam So did the bucks without Giannis I could keep going\u2026is it a crime to have a talented roster? Joker is better than neither player Giannis nor Joel\u2026by the way I\u2019m sure the bucks are happy they were able to win a PLAYOFF game without Giannis! That record with/without talk stop it!,0,0,[],['LilWarrick23', '3M_T_D6', 'SwipaCam']
2023-04-21 21:38:54,Regular tweet,Wameell,@TheNBACentral giannis owns the heat,0,0,[],['TheNBACentral']
2023-04-21 21:43:48,Regular tweet,batneymvp, APOSTA DO DIA   Wtf... bet 365 2.05 nisso aqui? DENTRO dms! Al\u00f4 TATUM????? https://t.co/hsfqWyNsVW,0,0,[],[]
2023-04-21 21:43:47,Regular tweet,gabriel_rizzuto,RT @CelticsNatiion: Derrick White e Jayson Tatum s\u00e3o da mesma classe de draft.,0,0,[],['CelticsNatiion']
2023-04-21 21:43:45,Regular tweet,TousGigi_Rourou,@ValueBet3 Logiquement \u00e7a passe. Apr\u00e8s tu peut m\u00eame prendre le boost Wina Tatum 30 et Victoire de son \u00e9quipe,0,0,[],['ValueBet3']
2023-04-21 21:43:28,Regular tweet,Reyesabel2025,RT @ByJayKing: Jayson Tatum on Malcolm Brogdon\u2019s sixth man of the year award: \u201cSuper excited for him. Well deserved. The ultimate sacrifice\u2026,0,21,[],['ByJayKing']
2023-04-21 21:43:01,Regular tweet,PropBetGuy,1u - Bryce Elder (ATL) -117 1u - Tatum/Brown/Murray +120 1u - Peralta / MIL +115  Spent all afternoon on these. Check the action app for the plays  Will be out for the next few hours - but could have a late night add.   Enjoy your Friday night   https://t.co/Q0leZkoifs https://t.co/bCYTpLmEsV,1,0,[],[]
2023-04-21 21:42:45,Regular tweet,Jeffrey24457125,@CoreyB08 He has been huge but don't get carried away buddy he can play free with Tatum and Brown very good defensive player very smart player as well he has no pressure it's like with Golden State with Curry Wiggins looks better the stress if gone and you can just play,0,0,[],['CoreyB08']
2023-04-21 21:42:20,Regular tweet,BHJH2023,@_JeremyWrites @NauthanGones @StoolGreenie I mean you watch Tatum nightly so you can easily label soft he\u2019s the king of it ,0,0,[],['_JeremyWrites', 'NauthanGones', 'StoolGreenie']
2023-04-21 21:42:13,Regular tweet,GUYONMATTHIEU2,@thesolpaperhand @30_Burner @HoodiGuWop It is also 2 of the weakest East of that century with a young sabonis / Oladipo in IND and young Celtics with rookie Tatum,0,0,[],['thesolpaperhand', '30_Burner', 'HoodiGuWop']
2023-04-21 21:42:08,Regular tweet,firminosdentist,RT @LaPiochey: Saka is basically Jayson Tatum,0,5,[],['LaPiochey']
2023-04-21 21:41:56,Regular tweet,kimbeeirl,RT @beyoncegarden: Beyonc\u00e9 dancing with Channing Tatum actually shifted the axis a bit https://t.co/R7YSA8jkjg,0,6094,[],['beyoncegarden']
2023-04-21 21:41:48,Regular tweet,SethLockard20,RT @CELTICSVSREFS: Tatum 1s  https://t.co/r6W56bK5le,0,10,[],['CELTICSVSREFS']
2023-04-21 21:41:47,Regular tweet,littleluqz,@santtoslucass jayson tatum ser\u00e1 ANULADO pelo clint capela hoje,0,0,[],['santtoslucass']
2023-04-21 21:41:45,Regular tweet,leedex666,@KendrickPerkins coming from same guy who said Celtics should break up Tatum and Brown..   I really doubt NBA teams are thirsty for Perkins GM wisdom ,0,0,[],['KendrickPerkins']
2023-04-21 21:51:30,Regular tweet,Deloflow19,RT @YbUpdate: Jim Jones says no rapper of this generation is fw NBA YoungBoy https://t.co/BxqH8eR9dU,,0,308,[],['YbUpdate']
2023-04-21 21:51:29,Regular tweet,CarlosRilova,RT @PasionBasketNBA: Steph Curry a Donte DiVincenzo tras esta canasta anoche: \"Eh; ese movimiento es m\u00edo\"    https://t.co/tIGhS0tlIl,,0,296,[],['PasionBasketNBA']
2023-04-21 21:51:29,Regular tweet,aliyutemilade,RT @BleacherReport: Victor Wembanyama has officially declared for the 2023 NBA draft...  Is he a lock to be the No. 1 pick?  https://t.co/\u2026,,0,516,[],['BleacherReport']
2023-04-21 21:51:29,Regular tweet,Jan75944641,RT @Duelbits:  The big wins keep on coming at Duelbits!  This lucky user won over $2;375;000.00 betting on #MLB &amp; #NBA last night.   To\u2026,,0,236,['MLB', 'NBA'],['Duelbits']
2023-04-21 21:51:28,Regular tweet,LeRuwhi,@HappyCorbin Grizzlies are 6th youngest team in the NBA my guy. Lakers aren\u2019t.,,0,0,[],['HappyCorbin']
2023-04-21 21:51:27,Regular tweet,HarrySchedler,@KuiceWitDaJuice @NBAinthezone Additionally; for the Lebroniacs review every plus minus; Ws and all nba/defensive teams per season it usually goes like 9 west players and Lebron and it continues like that till about the 40-50 range. It\u2019s like a 2.5-4/1 ration for his entire eastern Conf career,,0,0,[],['KuiceWitDaJuice', 'NBAinthezone']
2023-04-21 21:51:27,Regular tweet,Juilp_,RT @ybdeyo: nba youngboy is going back on tour as soon as he\u2019s off house arrest  https://t.co/N47VbT9uqo,,0,16,[],['ybdeyo']
2023-04-21 21:51:26,Regular tweet,MikeOxIn1,RT @DQUANPICKS: 4/21 NBA  Knicks ML -125 3u  Need a book? DM @wagerattack  (Use the link in their bio to sign up)  Any interaction with thi\u2026,,0,14,[],['DQUANPICKS', 'wagerattack']
2023-04-21 21:51:25,Regular tweet,kyze_SKM,RT @TheCanaryHouse: Idc; if I'm the warriors I ask for an internal investigation into whatever group decides this shit. There is no consist\u2026,,0,4,[],['TheCanaryHouse']
2023-04-21 21:51:25,Regular tweet,K10Beatz,RT @IndiaGTB_: NBA Youngboy - Don\u2019t Try This At Home   \u201cHeadshot\u201d prod by me &amp; K4 #DTTAH #OUTNOW #MIGTB https://t.co/eqTZrMWbYN,,0,1,['DTTAH', 'OUTNOW', 'MIGTB'],['IndiaGTB_']
2023-04-21 21:51:23,Regular tweet,MikeThekid7,RT @FrankyG_: How he didn't win last year still blows my mind. No all NBA players; his two best players were 9th and 10th in GP on their te\u2026,,0,88,[],['FrankyG_']
2023-04-21 21:51:23,Regular tweet,DNolazco16,RT @RealCodyMallory: Most unwatchable superstar in the NBA\u2026 this is from 120 minutes of playoff basketball (2 and a half games) https://t.c\u2026,,0,354,[],['RealCodyMallory']
2023-04-21 21:51:23,Regular tweet,freddyg24_,RT @jovanbuha: Dillon Brooks\u2019 comments about his defense on James aren\u2019t based in reality. According to https://t.co/5CbvLrC7Gq; James has\u2026,,0,148,[],['jovanbuha']
2023-04-21 21:51:29,Regular tweet,itsrouel,RT @CityofEdmonton: If you\u2019re heading Downtown to cheer on the Oilers from one of the many fine bars &amp; restaurants or enjoying the action f\u2026,,0,3,[],['CityofEdmonton']
2023-04-21 21:51:29,Regular tweet,sportsbetfacts,The post bet365 Bonus Code Earns $200 in NJ; Ohio; Virginia &amp; Colorado All Weekend appeared first on SportsHandle . https://t.co/dLvjR3MWzV #sportsbetting #sportsbettingtwitter #gamblingtwitter,,0,0,['sportsbetting', 'sportsbettingtwitter', 'gamblingtwitter'],[]
2023-04-21 21:51:25,Regular tweet,Mr_No_Bod_E,@Tbuckley29 @PensChronicles @Jrpen5 Congrats and they wouldve been out of the playoffs if he wasnt benched against ottawa,,0,0,[],['Tbuckley29', 'PensChronicles', 'Jrpen5']
2023-04-21 21:51:25,Regular tweet,Ethanrix23,@mcten @KendrickPerkins It's unfortunate that even with playoffs the media and the general public are more focused of WWE type bullshit than the game. It doesn't tale long to realize why players dislike media.,,0,0,[],['mcten', 'KendrickPerkins']
2023-04-21 21:51:22,Regular tweet,asalinas15,RT @DevInTheLab: THEYRE EVEN ALLOWING THIS FOOLISHNESS IN THE PLAYOFFS!!!!??? https://t.co/HOYAwOWkbv,,0,1392,[],['DevInTheLab']
2023-04-21 21:51:20,Regular tweet,vi7xrrr,@brasilcoast2 @BySamDiGiovanni to preparando a cerveja p ver o celtinha chutando a bunda desse arrombado p fora dos playoffs,,0,0,[],['brasilcoast2', 'BySamDiGiovanni']
2023-04-21 21:51:20,Regular tweet,HackkyotoKun,RT @HawksMuse: Worst Half -Court Offenses in the Playoffs:  1. 0.81 PPP \u2014 Hawks 2. 0.88 PPP \u2014 Knicks 3. 0.88 PPP \u2014 Cavs 4. 0.91 PPP \u2014 Nets\u2026,,0,4,[],['HawksMuse']
2023-04-21 21:51:20,Regular tweet,Bernardovivas,@Richie_whatever @sweetpeaches97 @big_business_ What is the lie in saying that steph was the focus of most of the defenses that faced them in the playoffs. Ty lue said that multiple times. What is the lie in saying that without steph KD would have 0 titles,,0,0,[],['Richie_whatever', 'sweetpeaches97', 'big_business_']
2023-04-21 21:51:19,Regular tweet,bcarl1970,RT @AmerksHockey: THE PLAYOFFS ARE HERE  https://t.co/AWQnQwg8oR,,0,18,[],['AmerksHockey']
2023-04-21 21:51:18,Regular tweet,brej015,RT @WLBaseball50: First Round Playoffs vs North Pontotoc All games at 7:00  Tuesday April 25th - Home Friday April 28th - Away Saturday Apr\u2026,,0,4,[],['WLBaseball50']
2023-04-21 21:51:17,Regular tweet,_hvrrison,@stephenasmith ZaZa stepped on his foot illegally n broke it; tore his ACL vs Jazz and still played; and now he don\u2019t wanna tear it again so he sit one game and Stephen A say this ignorant stuff. Mind you Kyrie got hurt twice and has been swept twice in the playoffs. Recency bias at its finest.,,0,0,[],['stephenasmith']
2023-04-21 21:51:11,Regular tweet,msnlatino,@klaythompson hace historia en Playoffs con r\u00e9cord que no tienen LeBron; Curry o Jordan https://t.co/VT2wyv4xQX,,0,0,[],['KlayThompson']
2023-04-21 21:51:08,Regular tweet,JONNYHYDEx,RT @BucksMuse: In the Playoffs so far:   Joel Embiid - 20/11/4  : \"Deserved MVP\" James Harden - 17/5/8 : \"Biggest All-Star Snub\" Jrue Holid\u2026,,0,51,[],['BucksMuse']
2023-04-21 21:51:06,Regular tweet,mclovinNBA,RT @maconhalovin: LINKS DO JOGOS PLAYOFFS DA NBA DE HOJE COM TRANSMISS\u00c3O BRASILEIRA    Nuggets vs Timberwolves (22:30)   Link 1:   h\u2026,,0,1,[],['maconhalovin']
2023-04-21 21:51:04,Regular tweet,primekev2330,RT @SplashBrosMuse: STEPH CURRY IS THE 4TH QUARTER LEADER IN PPG (11.3) THIS PLAYOFFS.  He also has the most 4Q points and FGM; shooting 52\u2026,,0,63,[],['SplashBrosMuse']
2023-04-21 21:51:23,Regular tweet,KMalphurs,I've been a Jazz fan for 30+ years and even if he would help the team; I wouldn't want to cheer on Luka. His style of play (mainly the complaining) just isn't fun to watch,luka,0,0,[],[]
2023-04-21 21:51:18,Regular tweet,0HMYCHR1S,RT @gastonedul: Si est\u00e1 convocado; Lazio va a ceder a Luka Romero. https://t.co/9qLsAp5MMN,luka,0,59,[],['gastonedul']
2023-04-21 21:51:16,Regular tweet,B171Jakarta,RT @cocoo009: @B171Jakarta @Catatan_ali7 @kiwalipitu Diantara puing rindu yang membeku  Menoreh luka membakar rasa Sewindu sudah mati suri\u2026,luka,0,1,[],['cocoo009', 'B171Jakarta', 'Catatan_ali7', 'kiwalipitu']
2023-04-21 21:51:13,Regular tweet,DopeItsKort,I\u2019m glad you\u2019ve come around to Luka https://t.co/JoI0nyc7rG,luka,0,0,[],[]
2023-04-21 21:51:04,Regular tweet,sinigami_2929,@Luka_Luna_rui ,luka,1,0,[],['Luka_Luna_rui']
2023-04-21 21:51:04,Regular tweet,Ayayayaaa7,RT @airkeiapa: sebuah luka. https://t.co/UkfMYMN3BC,luka,0,32,[],['airkeiapa']
2023-04-21 21:51:01,Regular tweet,cadista_de,@luka_trinidad Domina bien el estudio al rival en la primera embestida. Si el rival hace alg\u00fan cambio de dibujo nuestro entrenador no sabe verlo ni en tres d\u00edas que dure el partido,luka,0,0,[],['luka_trinidad']
2023-04-21 21:50:53,Regular tweet,onnie_luka,RT @Danypulper: pessoa chata que acha que sabe de tudo: a  eu automaticamente: https://t.co/sCcVL4qanj,,0,31366,[],['Danypulper']
2023-04-21 21:50:50,Regular tweet,OMGItsSparky_,My best number 2\u2019s in the league UNDISPUTED:  1 - Klay Thompson - Warriors 2 - James Harden - 76ers 3 - Luka Doncic - Mavericks 4 - Fred VanVleet - Raptors 5 - Paul George - Clippers 6 - Domontas Sabonis - Kings https://t.co/6l46sdMoC9,luka,0,0,[],[]
2023-04-21 21:50:47,Regular tweet,pickem29,D Book can\u2019t even top Luka here even though hes got a girlfriend  https://t.co/biT1xiVtuA,luka,0,0,[],[]
2023-04-21 21:50:33,Regular tweet,FutureStarrcom,RT @FutureStarrcom: https://t.co/ZX2HAQ9jgR https://t.co/kvjJMxTpuq https://t.co/kdYtwo7vPi,,0,2,[],['FutureStarrcom']
2023-04-21 21:49:54,Regular tweet,amjayson_,RT @ESPNNBA: Anthony Edwards became the fourth-youngest player to score 40 points in the playoffs; joining Magic; LeBron; and Luka  https:\u2026,luka,0,553,[],['ESPNNBA']
2023-04-21 21:49:42,Regular tweet,Jeffersoniandoc,@JazzJargon It is an interesting report. I honestly am not sure how I feel about Luka on this team. Obviously a generational offensive player; can he win a championship without playing good defense? It could be fun to see.,luka,0,0,[],['JazzJargon']
2023-04-21 21:49:41,Regular tweet,asdfghanis,RT @Azfarheri: Selamat Hari Raya to you too; maaf diterima tapi luka di hati masih ada,luka,0,1059,[],['Azfarheri']
2023-04-21 21:49:38,Regular tweet,luka_trinidad,@cadista_de El entrenador no es la primera vez que se hace un l\u00edo con los cambios.,,0,0,[],['cadista_de']
2023-04-21 21:51:18,Regular tweet,DariusGoodwin11,RT @HeatvsHaters: No Butler on the Heat injury report.   Giannis is listed as questionable for the Bucks.,giannis,0,5,[],['HeatvsHaters']
2023-04-21 21:51:18,Regular tweet,sportsfanatic39,@HeatvsHaters Bucks still have the better team with or without Giannis,giannis,0,0,[],['HeatvsHaters']
2023-04-21 21:51:17,Regular tweet,BrandonHighsmi1,RT @BradyHawk305: Here\u2019s a simplified defensive checklist I would expect for the Heat in game 3:  If Giannis doesn\u2019t play:  - Shifting indi\u2026,giannis,0,6,[],['BradyHawk305']
2023-04-21 21:50:58,Regular tweet,staypressedd,@HeatvsHaters I feel like Giannis can play but they feel they can beat us without him fairly easily; if we win tomorrow then he\u2019s most def coming back game 4,giannis,0,0,[],['HeatvsHaters']
2023-04-21 21:50:35,Regular tweet,sewelldaboss88,RT @overtime: I feel like Giannis still has whole lot left in his acting career  @Giannis_An34 https://t.co/6miB6C1WBX,giannis,0,17,[],['overtime', 'Giannis_An34']
2023-04-21 21:50:05,Regular tweet,SchwartziesS,Giannis DNP; 'doing everything he can' for Gm. 3 https://t.co/KIU9X0QafM #schwartziessports #ESPN https://t.co/Mz5h7aiqES,giannis,0,0,['schwartziessports', 'ESPN'],[]
2023-04-21 21:50:02,Regular tweet,WISN12News,RT @JFiWISN: Coach Mike Budenholzer's full comments on Giannis Antetokounmpo's practice sessions from Friday and his status for this weeken\u2026,giannis,0,3,[],['JFiWISN']
2023-04-21 21:49:59,Regular tweet,joel_s0,@blazersforreal AD if he was consistent. giannis prolly; or is this meant to be at least semi realistic,giannis,1,0,[],['blazersforreal']
2023-04-21 21:49:53,Regular tweet,aIisoncrf,RT @HeatvsHaters: No Butler on the Heat injury report.   Giannis is listed as questionable for the Bucks.,giannis,0,5,[],['HeatvsHaters']
2023-04-21 21:49:43,Regular tweet,ciprycanovi,RT @HeatvsHaters: No Butler on the Heat injury report.   Giannis is listed as questionable for the Bucks.,giannis,0,5,[],['HeatvsHaters']
2023-04-21 21:49:43,Regular tweet,SPECIAL_JUAN_,RT @HeatvsHaters: No Butler on the Heat injury report.   Giannis is listed as questionable for the Bucks.,giannis,0,5,[],['HeatvsHaters']
2023-04-21 21:49:35,Regular tweet,UNISOLDIERMUA,RT @HeatvsHaters: No Butler on the Heat injury report.   Giannis is listed as questionable for the Bucks.,giannis,0,5,[],['HeatvsHaters']
2023-04-21 21:49:30,Regular tweet,HeatvsHaters,No Butler on the Heat injury report.   Giannis is listed as questionable for the Bucks.,giannis,29,5,[],[]
2023-04-21 21:49:09,Regular tweet,PostcardsColle1,2013 -14 Panini Select Giannis Antetokounmpo Rookie RC #178 Bucks PSA 9 MINT https://t.co/sOBesEbMv5 eBay https://t.co/WKrQw3goi5,giannis,0,0,[],[]
2023-04-21 21:49:03,Regular tweet,evita_marou,RT @DarkGengarGX: \u0395\u03af\u03bc\u03b1\u03c3\u03c4\u03b5 \u03ac\u03bd\u03b5\u03c1\u03b3\u03bf\u03b9; \u03c8\u03ac\u03c7\u03bd\u03bf\u03c5\u03bc\u03b5; \u03b5\u03bd\u03af\u03bf\u03c4\u03b5 \u03ba\u03ac\u03bd\u03c9 \u03ba\u03ac\u03c0\u03bf\u03b9\u03b1 \u03bc\u03b5\u03c1\u03bf\u03ba\u03ac\u03bc\u03b1\u03c4\u03b1 \u03b1\u03bb\u03bb\u03ac \u03c0\u03ac\u03b5\u03b9 \u03ba\u03b1\u03b9\u03c1\u03cc\u03c2 \u03b1\u03c0\u03cc \u03c4\u03cc\u03c4\u03b5 \u03c0\u03bf\u03c5 \u03ad\u03c4\u03c5\u03c7\u03b5 \u03ba\u03ac\u03c4\u03b9.  \u03c4\u03c1\u03af\u03c4\u03bf\u03c2 \u03bb\u03bf\u03b3\u03b1\u03c1\u03b9\u03b1\u03c3\u03bc\u03cc\u03c2 \u03b1\u03c0\u2026,,0,22,[],['DarkGengarGX']
2023-04-21 21:51:24,Regular tweet,JerryKeirns,RT @11W: The Hurry-Up: Ohio State 2026 OL target Maxwell Riley enjoyed his visit to Columbus on Saturday and 2024 RB Taylor Tatum and 2025\u2026,tatum,0,2,[],['11W']
2023-04-21 21:51:12,Regular tweet,chorpronos,#NBA\u00a0   Tatum; Brown &amp; Young 20 pts \u2022 1;66  #TrueToAtlanta\u00a0 #BleedGreen   1h   Je vois un troisi\u00e8me match accroch\u00e9 entre les Hawks et les Celtics avec les leaders de chaque \u00e9quipe qui se r\u00e9pondent    RT &amp; fav si tu suis   #TeamParieur https://t.co/uEZ83sqoIV,tatum,0,0,['NBA', 'TrueToAtlanta', 'BleedGreen', 'TeamParieur'],[]
2023-04-21 21:51:01,Regular tweet,AlexMonahan100,@nRyze Tatum is definitely NOT one of the two sexiest players in the NBA bro,tatum,0,0,[],['nRyze']
2023-04-21 21:51:01,Regular tweet,ItsMedina0,RT @TA1297: Nurse saw Tatum hit a step back contested 3 early in the season and been halfway out the door ever since,tatum,0,5,[],['TA1297']
2023-04-21 21:50:58,Regular tweet,KuyaDenzel95,RT @beyoncegarden: Beyonc\u00e9 dancing with Channing Tatum actually shifted the axis a bit https://t.co/R7YSA8jkjg,tatum,0,6106,[],['beyoncegarden']
2023-04-21 21:50:57,Regular tweet,getoffthisapp3,RT @beyoncegarden: Beyonc\u00e9 dancing with Channing Tatum actually shifted the axis a bit https://t.co/R7YSA8jkjg,tatum,0,6106,[],['beyoncegarden']
2023-04-21 21:50:55,Regular tweet,SportsTalk_304,RT @CycloneSB: The Freshman delivers!!   We are on the board in Game 2 thanks to a @tatum_johnsonnn RBI single!!    https://t.co/VWitI\u2026,tatum,0,1,[],['CycloneSB', 'tatum_johnsonnn']
2023-04-21 21:50:25,Regular tweet,zobjobsUS,Director of Payroll at Randstad USA job summary Tatum is recruiting for an Interim Payroll Manager to assist a nationwide Sports and Entertainment Company with multistate daytoday payroll p... #Payroll #nodes  https://t.co/lvWxxNtYXQ,tatum,0,0,['Payroll', 'nodes'],[]
2023-04-21 21:50:23,Regular tweet,jewellll13,RT @beyoncegarden: Beyonc\u00e9 dancing with Channing Tatum actually shifted the axis a bit https://t.co/R7YSA8jkjg,tatum,0,6106,[],['beyoncegarden']
2023-04-21 21:50:03,Regular tweet,Chanharp,RT @beyoncegarden: Beyonc\u00e9 dancing with Channing Tatum actually shifted the axis a bit https://t.co/R7YSA8jkjg,tatum,0,6106,[],['beyoncegarden']
2023-04-21 21:49:36,Regular tweet,plzget_gud,Tatum ruined it https://t.co/zCrJwOJ62G,tatum,0,0,[],[]
2023-04-21 21:49:32,Regular tweet,nRyze,@AlexMonahan100 What are your thoughts on Tatum UNDER 49.5 fantasy and 43.5 PRA,tatum,0,0,[],['AlexMonahan100']
2023-04-21 21:49:32,Regular tweet,glamarsmithesq,@ATLHawks Tatum will get nothing but dust and blood https://t.co/MXJx8D1XzH,tatum,0,0,[],['ATLHawks']
2023-04-21 21:49:21,Regular tweet,jason_mjays,What two all stars you know loosing to a team lead by a Rookie. Ain\u2019t no way PG and Westbrook was suppose to lose:  that he we a huge upset at the time. Westbrook was favored be Portland and Dame destroyed them. That\u2019s like Paolo beating Tatum and Brown as a rookie https://t.co/CJeKiimO82,tatum,0,0,[],[]